,objective,solver_time,constraints,variables
100-BB-2050,5260875.48995297,1.2277777194976807,17521,113900
