,objective,solver_time,constraints,variables
100-BB-2050,10464487.617884621,1.3033559322357178,17521,122660
