,objective,solver_time,constraints,variables
100-BB-2050,11806112.296050172,4.08236837387085,26281,113900
