,objective,solver_time,constraints,variables
100-BB-2050,75101349.26186703,1.4481797218322754,17521,175201
