,objective,solver_time,constraints,variables
100-BB-2050,64763495.03546953,2.8636858463287354,17521,175201
