,objective,solver_time,constraints,variables
100-BB-2050,21242740.771510758,2.028578996658325,17521,148921
