,objective,solver_time,constraints,variables
100-BB-2050,110652558.45934412,1.2635040283203125,17521,175201
