,objective,solver_time,constraints,variables
100-BB-2050,20419872.7118882,1.7990837097167969,17521,140161
