,objective,solver_time,constraints,variables
100-BB-2050,26083711.082191937,0.6154475212097168,8761,131420
