,objective,solver_time,constraints,variables
100-BB-2050,11954415.669645615,2.100410223007202,17521,166441
