,objective,solver_time,constraints,variables
100-BB-2050,9747258.376034522,1.7475967407226562,17521,140161
